"","x"
"1",-1.23142843359866
"2",-1.03060658594372
"3",0.405834879184162
"4",2.4752821038745
"5",-0.459434082966974
"6",-2.41243964869485
"7",0.411410665399879
"8",-0.472677639856133
"9",0.584374721749335
"10",1.65996384290959
"11",0.459369255565847
"12",-0.423207382072974
"13",-2.23332504246886
"14",-0.613109639456067
"15",-2.32262567959263
"16",1.94327744416194
"17",1.57934555268069
"18",-1.12230511956449
"19",2.14782269239913
"20",0.66271763962158
"21",0.350773541586815
"22",-0.611373007190034
"23",0.107937062068466
"24",-0.793639458491905
"25",0.39309344981218
"26",0.802396219654009
"27",0.919406602167431
"28",1.14127894447316
"29",-0.633118384317681
"30",0.0575895239210886
"31",0.0862194961773102
"32",1.15062178347825
"33",-2.81826329066832
"34",0.50172329335424
"35",-1.18472837381307
"36",-0.731440598881853
"37",-2.56816344716663
"38",-1.98374032543625
"39",0.493926241342288
"40",-0.714381813656875
"41",0.152602105943916
"42",2.5321516835557
"43",-2.1750507004562
"44",-0.387596333823267
"45",-1.00181379446099
"46",0.0904232055185843
"47",-2.43891388771178
"48",0.39725205436244
"49",0.133577375929023
"50",0.156341152721985
"51",1.18386631102434
"52",-0.836992719798141
"53",0.590657979849723
"54",0.529603635951215
"55",-1.76472964486463
"56",0.107910743730327
"57",-1.26294543065987
"58",-1.35890641768283
"59",1.82007894263105
"60",-2.38876927500717
"61",-0.618417946554454
"62",-0.00954851459069631
"63",0.400258066794595
"64",-0.359538064526463
"65",-0.957598131480695
"66",-1.17252286790086
"67",2.06760930192408
"68",1.85145735136334
"69",-0.366145412312347
"70",1.93904669607736
"71",-0.585484116973714
"72",-0.386842274267336
"73",-1.17126529808481
"74",-0.745946472684994
"75",-2.76948105304584
"76",1.09870112854164
"77",1.11418895577719
"78",0.577410941606509
"79",-1.29295936254361
"80",0.724926747114308
"81",-0.437429656393954
"82",-0.391346437445461
"83",0.496947940387681
"84",-3.02454611860264
"85",-0.893553864028681
"86",-0.581995265666391
"87",0.379824094554056
"88",-0.707358025174573
"89",0.340951088983273
"90",-0.721322432866998
"91",0.0878106579081497
"92",1.32892956572042
"93",-1.52817227900925
"94",1.00266440717086
"95",2.03292001979637
"96",0.630017638148386
"97",2.06422972239406
"98",0.141256361020862
"99",0.441929220019333
"100",0.55978027187692
"101",-0.401344697147026
"102",-0.608094256107937
"103",-0.650188176685594
"104",-0.949664837033976
"105",-1.29746303159962
"106",0.314068322853867
"107",-1.16392837111891
"108",-0.991084591328952
"109",-2.55540269385243
"110",0.0174066071427222
"111",-0.665917866440609
"112",1.38046258531058
"113",2.60049739661
"114",-2.150544560133
"115",-0.0349566833977379
"116",-1.15565348195196
"117",2.40826797142665
"118",-1.0200902852221
"119",-1.14977110505114
"120",-0.0252196395782256
"121",-1.06313605033532
"122",-0.598431808130286
"123",-3.01690467198399
"124",2.01975288585667
"125",0.778685292583982
"126",0.0641981586517807
"127",-1.72382947290672
"128",-0.595737546726646
"129",1.87583466220605
"130",-0.380465843074706
"131",-0.385071521711533
"132",-0.347940372891692
"133",-1.36904703405773
"134",1.08449536949145
"135",0.137173353966791
"136",-0.320690345982353
"137",-0.588774670820356
"138",1.44268447318618
"139",0.219909416354106
"140",0.588973395258593
"141",2.03453955754098
"142",-1.08364481572963
"143",0.13093661362577
"144",0.155484284618959
"145",-1.04131994535623
"146",2.53203693704338
"147",0.353417637659821
"148",0.00225478267276402
"149",0.366465292431294
"150",0.0946160099919602
"151",-1.03955077263715
"152",0.123932987562028
"153",1.36260624872846
"154",-0.514608751340991
"155",0.356296275626032
"156",-0.78402406893081
"157",-1.23255356508468
"158",-1.59602419455162
"159",-0.945483086489419
"160",0.393348070955547
"161",0.165023515236662
"162",-2.22530571898241
"163",-0.322809124628294
"164",0.366568162136981
"165",-0.798610126205018
"166",0.811402783407469
"167",0.694168034813169
"168",-1.72619716517943
"169",0.0566916708922636
"170",-0.318190161652943
"171",-0.563068754048349
"172",0.432313036500313
"173",0.18710233586843
"174",-2.26697491912345
"175",0.122504920861868
"176",-0.377975759062547
"177",2.08171641957467
"178",1.75144722250465
"179",0.208534613324987
"180",-1.38782739429377
"181",0.591279430704678
"182",0.383612210530697
"183",-1.11241523441821
"184",1.56290013698967
"185",-1.69505764080411
"186",1.38722289186086
"187",0.365355568038279
"188",-0.395614691915856
"189",0.329600415145999
"190",-0.748738774901261
"191",1.06238477138371
"192",0.72857457569408
"193",-0.41128279790837
"194",-1.74676529759812
"195",0.746009127620555
"196",1.20503917899638
"197",-0.663656889541283
"198",-0.530561655331667
"199",0.055064055599309
"200",-1.1353025403446
"201",0.399522553622604
"202",1.27941016426072
"203",1.62937483155422
"204",-0.503023893488169
"205",-0.631589345999979
"206",0.134505815631155
"207",-0.313246677208887
"208",0.322705125799457
"209",-2.08125590544982
"210",0.727351919909955
"211",-1.74658404710502
"212",2.0690765652725
"213",0.760474155742055
"214",0.544706681756971
"215",-1.73456544097351
"216",-0.376684310309803
"217",-0.316232456508747
"218",1.07507418158366
"219",1.61178095351225
"220",-0.832358182559005
"221",-0.961116974308889
"222",0.193851348485476
"223",-1.18404067825409
"224",0.675343449866763
"225",-0.921053610111901
"226",0.753714308816176
"227",1.97347229287149
"228",0.134758923605264
"229",-0.5966236265573
"230",2.12857852872809
"231",-2.5607761834561
"232",-0.604643458338102
"233",0.744022115456855
"234",1.64000769383705
"235",0.799019744425172
"236",2.08436677842301
"237",0.387194517410228
"238",0.142563317015962
"239",-2.60782372030499
"240",-1.09690656661977
"241",-1.02737944669586
"242",-0.808825957591
"243",0.998201378463928
"244",-1.31593011213841
"245",-0.659660696989669
"246",-1.73352205185859
"247",1.70136782817458
"248",-0.574495478445385
"249",-0.338074499717237
"250",-0.835141136727639
"251",0.871206212588748
"252",-0.68789169285351
"253",0.37712050822924
"254",0.703545598007636
"255",0.387589897156463
"256",0.363562838892466
"257",0.585545500769455
"258",1.78368484497018
"259",-1.1022581054735
"260",-1.61651554752295
"261",-0.97282925331224
"262",-0.392384068644943
"263",-0.581100460122927
"264",1.31901707389413
"265",-1.5119098700434
"266",-0.554731476754606
"267",0.332137262157221
"268",-0.648244104484306
"269",0.973839952387886
"270",-0.545292861640744
"271",0.086575102240093
"272",-1.00057292897462
"273",0.378405243507789
"274",-0.336326214826999
"275",0.473943833059718
"276",-0.340410451995408
"277",1.37115067474453
"278",1.1665141364503
"279",0.731132577097415
"280",-1.54080349840153
"281",-0.86571545393484
"282",1.57159967583409
"283",-1.28256463056916
"284",-0.0142891383792235
"285",1.68733053050855
"286",0.491709885512739
"287",-0.531907954756732
"288",-1.15531607536823
"289",0.0874706231281725
"290",-1.7438265477565
"291",-1.47261629479324
"292",0.578498328508931
"293",-0.347968184651052
"294",-0.606795008959289
"295",-2.36041646576443
"296",-0.393983939193843
"297",-1.12287572269728
"298",0.513484146454818
"299",-1.33200768620844
"300",-2.97655301413738
"301",1.49600426106422
"302",1.51793385046536
"303",-0.368857879313221
"304",0.624832169523946
"305",-0.0105042729464251
"306",-0.692636776895982
"307",-0.348172987363047
"308",0.877645675008215
"309",-0.859457417429749
"310",-1.74922541686603
"311",-0.626022010371356
"312",-0.611268628552324
"313",-2.9902071631105
"314",2.25952759360534
"315",-1.80193794362608
"316",-0.407570972600922
"317",-0.601118948108963
"318",-0.380153851246241
"319",-0.619542019312773
"320",-2.80371005251215
"321",-0.33962899366855
"322",-0.657218200475614
"323",-0.825041802256086
"324",0.0980815144105262
"325",-0.866860551302457
"326",0.792125279548705
"327",-0.596543164403552
"328",0.412392581964717
"329",-1.1892310402666
"330",-2.59908751971857
"331",0.0990509183802538
"332",0.104590737389068
"333",0.0683130701270466
"334",2.04571702456555
"335",0.0861940363889564
"336",2.28751855765182
"337",-3.02273068015126
"338",0.0241325362575724
"339",0.0824015772369386
"340",0.882443831793508
"341",0.763141226708265
"342",0.330047970821409
"343",-0.629003638171856
"344",-2.1597422072406
"345",-1.93924362136823
"346",-2.70779022222546
"347",1.39155476390114
"348",-2.75489880574151
"349",0.167843903592643
"350",2.58974010843141
"351",0.407247726510061
"352",-0.0250656606511322
"353",0.656897537951168
"354",-0.367999626022731
"355",-1.5654259575621
"356",0.382969109822975
"357",-0.741931874044022
"358",0.158260787005843
"359",0.455535292699795
"360",-1.15189582701949
"361",0.157838966993807
"362",0.0611462040659214
"363",-0.373554264674295
"364",0.133657553106679
"365",1.22143313614536
"366",-0.731342780406481
"367",-0.677321912388445
"368",0.50742321475196
"369",-1.73683973075273
"370",1.76752014616473
"371",-2.09661374955291
"372",-1.18927264096431
"373",-0.658281807265255
"374",2.5748712706708
"375",0.196248585409348
"376",0.596614859185721
"377",0.793045314506547
"378",-0.312044250782093
"379",0.938909167299211
"380",-1.23344987830072
"381",0.719093101274511
"382",-2.85260214919956
"383",1.22608178688068
"384",-2.86562297618757
"385",2.19964955539724
"386",0.509681829545005
"387",0.410964315212334
"388",1.0574961620293
"389",-1.75436903071691
"390",-1.66234964317174
"391",-2.11459073032243
"392",-2.17335465480813
"393",-1.06590320175887
"394",-0.849130320655517
"395",-0.349084238535971
"396",2.65924833886528
"397",-2.79698909474623
"398",-0.333959324016573
"399",-0.564160771842174
"400",-0.99158448404039
"401",1.86952358664795
"402",0.555658277114651
"403",1.03507444684673
"404",-0.310760373644849
"405",-2.65304963203046
"406",0.415967831473557
"407",-0.316918963695068
"408",-1.09207153362957
"409",0.541595887656018
"410",0.223378099335224
"411",0.0276236400914265
"412",0.653663319724671
"413",2.81414855555329
"414",0.224063011947399
"415",2.23615906525556
"416",0.704336735043376
"417",0.545949862301282
"418",0.436154269580404
"419",-3.13920347017142
"420",-0.722014418507852
"421",0.992138769123546
"422",1.48324674264044
"423",-2.7346423325039
"424",0.0252481018940805
"425",-0.789183609165254
"426",1.59978584164968
"427",0.642153410443668
"428",-2.77057361648593
"429",2.26421939976065
"430",0.240349132656519
"431",0.535552395917869
"432",0.190357965417718
"433",2.73549828523203
"434",-2.70361337639663
"435",2.08910994827482
"436",2.01658741484777
"437",1.09105233788073
"438",0.569544690698707
"439",0.221289231895711
"440",0.0311429438044385
"441",2.41482745724039
"442",0.453781885563832
"443",0.519090106717045
"444",0.48840087637296
"445",1.32431743554867
"446",0.433661590442018
"447",-2.67793339867977
"448",0.592741068159001
"449",0.163872496694111
"450",-0.917361763770864
"451",0.0269112108637086
"452",-2.24004651195775
"453",-2.13223237606517
"454",-0.561053319262004
"455",-0.574917351357542
"456",-0.331216261295475
"457",0.615820226619304
"458",0.150593635627467
"459",-0.57012685543257
"460",0.30187837676388
"461",-2.7524589838989
"462",0.990172556948309
"463",-1.96100368733846
"464",0.464108937578227
"465",0.535039239301181
"466",-0.577141333739497
"467",-0.7769226294739
"468",-3.12071907733351
"469",0.225324088752716
"470",0.568898980912774
"471",1.32426769526641
"472",1.13809080910482
"473",1.41064610470824
"474",2.56047374746523
"475",-1.19401502785987
"476",-1.049387391965
"477",1.36961621972177
"478",2.18887330915092
"479",-3.07777422792531
"480",1.65444369477483
"481",1.31403690414819
"482",0.197458277619565
"483",-0.631033673202679
"484",1.30695615689906
"485",0.722279544908165
"486",-1.41289974942918
"487",-0.427117075599112
"488",-0.319063864964081
"489",-2.60369547760013
"490",0.0376966736022241
"491",-0.780819881446905
"492",-1.29677754313936
"493",0.556568670764444
"494",-0.317171543999685
"495",0.158218512201064
"496",0.45378171761292
"497",-1.03708447152163
"498",-2.12059549278518
"499",-0.564033767612564
"500",-0.830986392260406
"501",-1.28144690720691
"502",0.118541203285026
"503",0.364487371423309
"504",-0.935597443037033
"505",-1.20354499452938
"506",-2.83064687265838
"507",-0.594156350151435
"508",0.0471036372589075
"509",-0.490035713842031
"510",-0.700608473225668
"511",0.962491386946767
"512",0.641234921218144
"513",0.0751703707823504
"514",-1.82931834171803
"515",-2.05658611007007
"516",-1.29165272235814
"517",-0.506024860013816
"518",-0.548170324709716
"519",-0.78111284637266
"520",-0.296479129181277
"521",-1.14495699532751
"522",2.5629636139789
"523",-0.834665696571129
"524",0.200984700991642
"525",-1.12770270058611
"526",-0.479810191084838
"527",1.22409410905723
"528",0.214385809980721
"529",-1.66486674010655
"530",-2.30465121486785
"531",0.410818946990552
"532",-1.18700029018034
"533",1.65407951922925
"534",-1.90094742022196
"535",-0.277967228092582
"536",2.26254910897707
"537",-0.47274810361746
"538",-0.283774644723514
"539",0.149135813629992
"540",-1.79219860244943
"541",-0.774754347302905
"542",0.44197212812236
"543",2.40514157111597
"544",0.751186066601849
"545",2.13884462901094
"546",0.0469987688746263
"547",-1.99550377052546
"548",-0.281728008787744
"549",-0.599519672864912
"550",1.1763456078894
"551",-1.18903952882107
"552",-0.287928262161783
"553",0.142663611633505
"554",-0.524967246959233
"555",0.686845505955192
"556",-0.30652087343828
"557",-1.34031890415697
"558",0.576059192629925
"559",-0.655207383579461
"560",1.16647894859335
"561",0.135388747173382
"562",1.41282686154347
"563",0.676252962426276
"564",-0.582414591133853
"565",-0.630290330201259
"566",-0.870823954552139
"567",-0.616112028662662
"568",1.42147646316031
"569",1.58466692334169
"570",-2.99474522936246
"571",0.511148591435856
"572",0.0438823080870916
"573",-0.870902922862061
"574",1.37046944422723
"575",0.184698209355479
"576",-0.599406995768721
"577",-0.781109465601148
"578",-0.27600168179434
"579",-1.20648383197124
"580",-1.20635197593675
"581",-0.523773579238966
"582",-2.00703473473662
"583",0.407839667782733
"584",2.04852717040735
"585",0.589666395515563
"586",-1.17843935688521
"587",0.805232960006761
"588",0.469207293329835
"589",-1.22817400584996
"590",0.932630736954632
"591",0.580015046296718
"592",-1.38284334768236
"593",-2.44043300748799
"594",-2.5568143302199
"595",-1.07667342964939
"596",-0.34609990180723
"597",-0.72096980517261
"598",-1.29295439348265
"599",-1.8958441983949
"600",0.679238539427824
"601",0.736049294518601
"602",1.96462924588728
"603",-0.784997258228272
"604",-0.690784052494058
"605",-1.78668563533382
"606",0.292827460639645
"607",-1.06843901265113
"608",1.62963001760934
"609",-0.550044544342605
"610",0.878694898263082
"611",0.390595725595091
"612",-2.647640982171
"613",0.199675474857354
"614",1.01229688734645
"615",0.416230989045959
"616",-1.77374711083158
"617",-1.19192860058448
"618",-0.810799186037026
"619",1.71920354253322
"620",-1.7855510172747
"621",-1.19142352159212
"622",-0.522315630039075
"623",-1.18535534234421
"624",-0.314142611167747
"625",-0.572194059174505
"626",-0.310929385395288
"627",0.309915582818255
"628",0.095680953531649
"629",0.316750462234182
"630",1.5905537597165
"631",-0.599198990688067
"632",-1.68675236088525
"633",2.57150122208356
"634",0.237597118334275
"635",-0.519699465096764
"636",-0.619856678068452
"637",-0.597327882201118
"638",-0.713688685952603
"639",-0.625660920458033
"640",-1.25723143069143
"641",-2.51229804401127
"642",1.47932763712465
"643",0.12373200707361
"644",0.132873033751268
"645",0.508735099380868
"646",-2.60298022118692
"647",-0.546443436654435
"648",-0.697467833226847
"649",-1.02375931221825
"650",-1.62095108751032
"651",0.484862485479185
"652",0.539190071596139
"653",-2.7377439673782
"654",1.90450403169225
"655",-2.0230276033684
"656",0.0137886090216978
"657",-0.542714698977376
"658",0.401219192271174
"659",2.01611203926953
"660",0.377916145373428
"661",-2.69292871550661
"662",-1.12011204354148
"663",1.95711001492702
"664",0.386253467579144
"665",-1.57564816259056
"666",1.53126773077086
"667",0.204190468278118
"668",-1.21626921643702
"669",-2.66952105250964
"670",0.140191267389246
"671",-1.14406326882853
"672",2.33313895542755
"673",-0.658889482160198
"674",-1.69311500871677
"675",0.665976894705532
"676",-0.809555024453376
"677",0.651388799647254
"678",0.00785500612686682
"679",-1.17181947440971
"680",2.35172368252713
"681",-1.07181209205793
"682",0.663258909060745
"683",0.129696493819774
"684",-0.625208329003176
"685",2.31700931131503
"686",1.01910356493512
"687",0.13703535549743
"688",0.130628201083353
"689",-0.547906590693143
"690",-2.693068278307
"691",1.4928951260828
"692",-0.585235941852001
"693",-1.17426881416875
"694",0.214936556091823
"695",0.161309828332347
"696",0.155121659917084
"697",0.206333244086784
"698",-0.552070237567353
"699",-2.67181805462422
"700",-2.64311357239616
"701",-0.67384820128701
"702",-0.810589417800766
"703",-1.17223355649268
"704",-0.302167801385574
"705",-0.912462807773142
"706",0.394975573355253
"707",-0.591119850649399
"708",-1.42457698329039
"709",-0.541512265093919
"710",0.516090706264699
"711",-0.50368538229237
"712",-1.37302398222304
"713",-1.09412020341356
"714",-1.84215680514685
"715",-0.574908341848175
"716",-0.68616881234762
"717",-2.76853862363059
"718",-0.802592917619968
"719",-0.304555262934832
"720",0.397291541777187
"721",0.408118856539681
"722",-0.526529379728385
"723",1.6810951747551
"724",0.660060796439484
"725",-1.16579768952514
"726",-0.305247108873361
"727",-0.980057590742185
"728",-0.512313027175351
"729",-1.05619290590675
"730",-0.715584614652904
"731",-0.631279445055918
"732",-0.310948913248244
"733",-0.306561552879599
"734",0.177826259112016
"735",-1.235671995137
"736",0.546016711806065
"737",1.14692272824764
"738",0.116465189000313
"739",1.21632122843531
"740",0.181383017844825
"741",1.00999942950211
"742",-1.15068434263582
"743",-1.22516017824544
"744",-0.0253807668551004
"745",0.352303719449429
"746",-0.863199741341361
"747",-0.367918502817814
"748",-0.615657235669097
"749",-2.53919414128765
"750",1.25181388642283
"751",2.33509317851512
"752",2.76119462353327
"753",-1.73998462100192
"754",0.135745835847749
"755",-2.31542068256822
"756",2.00340673844083
"757",-0.59229940864846
"758",0.129209922984933
"759",-0.0148480063645049
"760",-2.80455008830214
"761",1.06208931323828
"762",-1.43841653671207
"763",-0.365467125009492
"764",0.438896063990202
"765",-1.20279464133335
"766",-0.345827930666616
"767",0.349651810173301
"768",2.48407607885381
"769",-0.590417629879738
"770",0.606505581167545
"771",1.48103564931059
"772",-0.00518893184650232
"773",-1.07918873784204
"774",-0.825752075987734
"775",0.489317695789402
"776",0.333784742558331
"777",-0.675621535904942
"778",0.133850533274912
"779",-0.759958805415078
"780",-1.24846938359921
"781",0.577467555006101
"782",-2.19298524441041
"783",1.35862304955309
"784",-0.529136879007558
"785",-0.536400431475657
"786",-0.569769344139776
"787",-0.702060577916189
"788",2.55796632045888
"789",1.8675800689973
"790",0.48117639403653
"791",0.486044771712509
"792",-0.630450114591551
"793",1.18820968700486
"794",0.350895933433549
"795",1.91777641489294
"796",0.246958784744065
"797",-2.33848046403456
"798",-1.13607881791975
"799",0.372890520209896
"800",1.40070619995145
"801",0.310414245789141
"802",-0.337570834620088
"803",-1.13753504518868
"804",0.149703198248579
"805",0.415948236791197
"806",-0.583119890557512
"807",-0.66257316289927
"808",-3.05170578513645
"809",1.12365762440265
"810",1.02620542667499
"811",0.0737397528423754
"812",-0.338124204978169
"813",-1.31331909228635
"814",0.621801649351634
"815",-1.27470999553958
"816",-2.93787769090698
"817",-1.14938951896566
"818",0.0987424656114623
"819",-2.48833630821994
"820",0.132781878098495
"821",1.63878202307056
"822",-0.55718020286117
"823",-1.76936282572001
"824",0.378743523619406
"825",-2.72116244334734
"826",0.711919608758212
"827",0.103768239152998
"828",0.0661740546593036
"829",0.278195254755019
"830",-0.611752293045023
"831",-0.659095725011752
"832",-2.68480110898814
"833",-0.535926292922545
"834",-1.06724182156525
"835",-0.663708347902901
"836",-1.86992824600878
"837",-0.344013509528015
"838",1.90335864274235
"839",0.323721477274113
"840",0.274136118066813
"841",-2.29064895839515
"842",-1.93815895382313
"843",-0.590132121103283
"844",0.143546175637951
"845",-0.0102583503614898
"846",0.50626411692103
"847",1.24074637938664
"848",-0.375096515599333
"849",-0.760571161833048
"850",0.0997549325461603
"851",-1.21149707358682
"852",0.837271487845268
"853",0.137330017834804
"854",2.11306572429317
"855",1.93518055610773
"856",0.866223133174605
"857",2.26563017329575
"858",-1.16866361115534
"859",0.0952477596050575
"860",-1.3204578353883
"861",1.53274171403031
"862",1.21993191179849
"863",-0.426913071456477
"864",-0.343209680455369
"865",-0.982464667980673
"866",-0.687411958832008
"867",-1.92136755611747
"868",0.203279410867582
"869",-2.66300976004511
"870",-0.494107720297364
"871",0.445144946903658
"872",2.3234518529902
"873",0.706440812226179
"874",0.455314001831105
"875",2.41389940863835
"876",-0.275596542281666
"877",-0.747373134325815
"878",-0.512855620920049
"879",2.24068222081918
"880",-0.751413871091225
"881",2.05528304525095
"882",-0.270862296478956
"883",-0.562654363441137
"884",-1.81601614620106
"885",1.55117752956984
"886",0.249432885480122
"887",0.186956752511829
"888",2.62821076633007
"889",-1.93810184554506
"890",0.189913013645008
"891",-0.545743449160615
"892",-1.14829410777801
"893",1.05355693379871
"894",1.02764961082698
"895",-1.58075612409378
"896",0.481549436995552
"897",-0.87068726465873
"898",-0.275738355461943
"899",2.06843811393641
"900",-0.544064207511875
"901",-1.71178347789834
"902",-0.686132249216652
"903",-0.695641766477494
"904",-0.496905540931803
"905",-0.27666593698846
"906",-2.73410916826771
"907",0.643862385323545
"908",2.59396142675862
"909",2.44009283417539
"910",-1.49547492948247
"911",-0.27529513468858
"912",2.00870657445543
"913",-1.15034896606257
"914",-2.01940045626178
"915",1.81502325211004
"916",2.52461869120749
"917",-1.80910829390829
"918",-1.54673599079622
"919",0.060215595939202
"920",0.371788803242399
"921",0.732653791652174
"922",-1.59669308949979
"923",-0.278025867616727
"924",2.36983290136551
"925",-2.99523908494405
"926",0.237464580235241
"927",-2.28315553896696
"928",-1.30372519557302
"929",-0.602830494169395
"930",0.427463487769383
"931",1.43601679110104
"932",0.559760371107725
"933",-0.50725251259795
"934",0.44079848511483
"935",-0.471961398640086
"936",0.430483241986631
"937",-0.587420757861313
"938",-2.61938294324214
"939",-0.501996081537073
"940",-0.451851188304627
"941",-0.271276602308479
"942",-0.53851781082991
"943",-0.595176351502862
"944",1.65843879703611
"945",0.156105435547826
"946",0.0547324427183536
"947",-1.64957185837949
"948",1.50329635411266
"949",-1.91112160419307
"950",2.55245964231592
"951",0.210926744713188
"952",2.49838639957781
"953",1.31944583058661
"954",-0.497645283180261
"955",-1.36776297052837
"956",-1.6288474323594
"957",-2.22174650479427
"958",-1.1181427525375
"959",-1.79349966413915
"960",-0.280023686187921
"961",-1.20928261875851
"962",0.115794880462729
"963",-1.15950713162691
"964",-1.14141088073606
"965",-0.531141161875681
"966",-1.09502959891496
"967",1.77430989609706
"968",0.19178198101103
"969",1.57779394288539
"970",0.725273577699138
"971",-1.04169447148252
"972",-0.50183186151771
"973",0.210202990014277
"974",0.054868459359382
"975",-0.870004419451552
"976",-2.7546150141119
"977",0.196560117516445
"978",1.71188679405809
"979",-0.599268150531251
"980",1.2128045121987
"981",0.489402341261776
"982",-2.49504255914921
"983",0.793370555241858
"984",-0.4546295387876
"985",-0.891672979758992
"986",-1.13543841874184
"987",0.515669591754658
"988",-0.269413233945353
"989",-1.37506411869534
"990",-1.10785971137256
"991",0.606364057328665
"992",-1.04577186431464
"993",0.821786104441685
"994",2.02857716541503
"995",-2.01212438959856
"996",-0.313801002014105
"997",1.99439030857484
"998",1.85467600352534
"999",-1.42825464396985
"1000",-1.68611233828
"1001",1.98340167472283
"1002",-0.341375503022885
"1003",-0.576356077778408
"1004",0.3895663096353
"1005",-0.655862573869153
"1006",0.150285516295573
"1007",-2.90744664603134
"1008",0.58956078616866
"1009",-1.49584392412809
"1010",-2.23742868850029
"1011",-0.667817012100896
"1012",0.198060547882104
"1013",0.367316799155626
"1014",0.663941315848105
"1015",-0.32434403533808
"1016",1.04123694808641
"1017",0.152184717073287
"1018",0.0506420150716157
"1019",-1.18290632246882
"1020",0.0233944649397878
"1021",0.111516240466413
"1022",2.44479934651373
"1023",2.52286171856224
"1024",0.383169698792266
"1025",-0.32277461524784
"1026",-1.21977942913645
"1027",0.193840124399707
"1028",0.48335427571128
"1029",0.114433155038932
"1030",1.34486609310074
"1031",-2.438604690803
"1032",0.618375696446604
"1033",0.380756608992455
"1034",-0.399715616189526
"1035",-0.806874337372689
"1036",-0.38727124700635
"1037",2.06821917250068
"1038",-1.40066471519022
"1039",-0.321804269179368
"1040",0.0477348370879443
"1041",-0.990858054164191
"1042",0.633409614461638
"1043",2.00752347397558
"1044",-2.40291753168538
"1045",2.43020051781343
"1046",1.04461159077256
"1047",-0.599678570773151
"1048",0.111928855269574
"1049",-1.18252675823404
"1050",-0.841275451974204
"1051",0.176994969754031
"1052",-2.96123840930046
"1053",-0.540998276530692
"1054",-0.595729298886652
"1055",-0.64828667472648
"1056",1.46237418013002
"1057",0.705356531066747
"1058",2.15468978700912
"1059",0.447357475071032
"1060",-2.13104758973596
"1061",-0.68680919175518
"1062",0.00674426575407516
"1063",2.26445670558973
"1064",-1.85577434399718
"1065",0.312416598180025
"1066",0.193578420591687
"1067",-0.576271203889624
"1068",0.906129799201526
"1069",1.51405342759888
"1070",-0.652294789748208
"1071",-0.602221830807188
"1072",-1.11842805138721
"1073",1.7891150717712
"1074",-0.564108323902811
"1075",-0.313185214117848
"1076",0.437087808788977
"1077",-0.641743457505471
"1078",-0.380723563749813
"1079",0.00122449483899967
"1080",-0.382753600357298
"1081",0.183871018153245
"1082",-1.3253756090681
"1083",-2.06279996676138
"1084",-2.26692848989612
"1085",0.616922290703713
"1086",1.8658094773468
"1087",-0.6665771192613
"1088",2.17054991646986
"1089",0.681461793264737
"1090",-1.23407930453685
"1091",0.620377398251198
"1092",-2.61114815830306
"1093",0.909702696402161
"1094",-1.75311196157213
"1095",0.126453636153795
"1096",1.80716007544062
"1097",0.62934834251791
"1098",0.201256963534394
"1099",0.116544916117493
"1100",-0.504487686087411
"1101",0.535457173184174
"1102",2.50308834517188
"1103",-0.51652549225941
"1104",1.63383125155605
"1105",0.382982082947187
"1106",-2.02309236404392
"1107",1.48360477174234
"1108",-1.08696342757135
"1109",-0.60270463373334
"1110",-1.03737397344051
"1111",-1.72679331487598
"1112",-0.596053441143496
"1113",-0.647217022861953
"1114",-1.11273320433591
"1115",-2.43243424342456
"1116",0.213547145850891
"1117",-2.38506324475833
"1118",0.122083792514598
"1119",-0.806178204993352
"1120",-1.03477626879562
"1121",2.58180589383891
"1122",-1.8914807672083
"1123",0.630242611188141
"1124",-2.22079871862504
"1125",0.218046822586299
"1126",0.147920157656631
"1127",-1.3931064098669
"1128",-1.17695932315616
"1129",0.702430277444929
"1130",-2.15887960462177
"1131",-0.986410584038944
"1132",0.0272031495103261
"1133",-1.31219405497911
"1134",-1.88713253674874
"1135",1.11756104636882
"1136",0.158992840408411
"1137",0.218034831567939
"1138",1.54950952520332
"1139",-1.34543601619705
"1140",0.406540754757604
"1141",-1.27858758392126
"1142",0.14904877013976
"1143",0.23658254907832
"1144",0.379780416028776
"1145",0.153419533237785
"1146",-1.07232703518195
"1147",2.01490033661216
"1148",0.646117953364239
"1149",0.454047769883755
"1150",1.8400674961745
"1151",-0.307491450071959
"1152",0.176216741901304
"1153",-0.649367818904328
"1154",-0.304913187485921
"1155",-0.535340479621949
"1156",-1.31414126291773
"1157",0.534968780819653
"1158",1.46903517182397
"1159",-0.325168540257788
"1160",-1.4151237024512
"1161",-1.25789659858581
"1162",0.514068411412812
"1163",-0.642619212246006
"1164",0.506505252317523
"1165",-1.01542741632522
"1166",-1.90210353331213
"1167",-0.303263708645796
"1168",-2.18676070612952
"1169",0.666254945700011
"1170",-0.299089175065772
"1171",-0.805519216503109
"1172",-1.29337676072223
"1173",1.64747974138646
"1174",1.24110000401251
"1175",0.580545443196614
"1176",0.549412595253516
"1177",-0.536573779851869
"1178",0.528169132384515
"1179",1.00906569535565
"1180",1.10214041409211
"1181",-0.306137207375248
"1182",-0.656288948733098
"1183",2.15954426856833
"1184",-1.15273193875641
"1185",0.100754732532966
"1186",-1.1054896678619
"1187",1.23489045166844
"1188",-0.506266690470524
"1189",2.11643216231109
"1190",-1.0873320466993
"1191",-2.8070687372611
"1192",-3.01222763114367
"1193",-0.839896534651521
"1194",-0.548026903399154
"1195",0.387697693015508
"1196",2.49966670057758
"1197",1.23027086696153
"1198",0.697745931305748
"1199",-2.08991999080905
"1200",2.470423485927
"1201",-1.11187924227762
"1202",1.64329872231958
"1203",2.27428317761165
"1204",-0.593433575555524
"1205",-1.36979325508958
"1206",0.574500834851399
"1207",2.07894533916505
"1208",-0.488689126904762
"1209",0.0853474041968781
"1210",-1.40439185174019
"1211",2.60400139886143
"1212",-0.581756271991498
"1213",0.72898849388442
"1214",0.127561532102769
"1215",0.505658597044169
"1216",0.218692547010093
"1217",-1.02341034769714
"1218",-2.38435534917034
"1219",0.536865990471315
"1220",0.911659529442847
"1221",0.301338058333547
"1222",1.09153670139353
"1223",2.00658727358636
"1224",0.34533670625984
"1225",-0.619629585079653
"1226",0.457595601302651
"1227",2.17463738344453
"1228",1.0879300744951
"1229",-2.09984194279036
"1230",0.930246292069979
"1231",-0.695581126465327
"1232",0.696293119651083
"1233",-2.77214570793095
"1234",0.439352796329325
"1235",-1.42011844400775
